<?xml version="1.0" encoding="UTF-8"?>
<!DOCTYPE suite SYSTEM "https://testng.org/testng-1.0.dtd">
<suite name="Suite" verbose="5">
		<parameter name="url" value="http://leaftaps.com/opentaps/control/login"></parameter>
  <test thread-count="5" name="EnTest">
	  <parameter name="language" value="English"></parameter>
    <classes>
      <class name="testcases.TC001_Login"/>
    </classes>
  </test> <!-- Test -->
  
  <test thread-count="5" name="FrTest">
	  <parameter name="language" value="French"></parameter>
    <classes>
      <class name="testcases.TC001_Login"/>
    </classes>
  </test> <!-- Test -->
</suite> <!-- Suite -->
